"0","# –î–ª—è –∫–æ–ª–∏—á–µ—Å—Ç–≤–µ–Ω–Ω—ã—Ö –ø–µ—Ä–µ–º–µ–Ω–Ω—ã—Ö Age, Average_glucose_level, BMI, —Å —É—á–µ—Ç–æ–º –±–æ–ª—å—à–æ–≥–æ –∫–æ–ª–∏—á–µ—Å—Ç–≤–∞ –Ω–∞–±–ª—é–¥–µ–Ω–∏–π (–Ω–µ—Å–∫–æ–ª—å–∫–æ —Ç—ã—Å—è—á –¥–ª—è –≥—Ä—É–ø–ø—ã Stroke=0 –∏ –Ω–µ—Å–∫–æ–ª—å–∫–æ —Å–æ—Ç–µ–Ω –¥–ª—è –≥—Ä—É–ø–ø—ã Stroke=1) —Ü–µ–ª–µ—Å–æ–æ–±—Ä–∞–∑–Ω–æ –∏—Å–ø–æ–ª—å–∑–æ–≤–∞—Ç—å –ø–∞—Ä–∞–º–µ—Ç—Ä–∏—á–µ—Å–∫–∏–π –º–µ—Ç–æ–¥ - –∞—Å–∏–º–ø—Ç–æ—Ç–∏—á–µ—Å–∫–∏–π z-–∫—Ä–∏—Ç–µ—Ä–∏–π –¥–ª—è —Ä–∞–∑–Ω–æ—Å—Ç–∏ —Å—Ä–µ–¥–Ω–∏—Ö (–º–æ–∂–Ω–æ —Ä–∞—Å—Å—á–∏—Ç—ã–≤–∞—Ç—å –Ω–∞ –µ–≥–æ –Ω–æ—Ä–º–∞–ª—å–Ω–æ–µ —Ä–∞—Å–ø—Ä–µ–¥–µ–ª–µ–Ω–∏–µ). –ù—É–ª–µ–≤–∞—è –≥–∏–ø–æ—Ç–µ–∑–∞ - H0: ùúá1 = ùúá2 - —Å—Ä–µ–¥–Ω–µ–µ –∑–Ω–∞—á–µ–Ω–∏–µ –ø–µ—Ä–µ–º–µ–Ω–Ω–æ–π (Age, Average_glucose_level, BMI) –≤ –ø–æ–ø—É–ª—è—Ü–∏—è—Ö –ª–∏—Ü —Å –∏–Ω—Å—É–ª—å—Ç–æ–º –∏ –±–µ–∑ –∏–Ω—Å—É–ª—å—Ç–∞ –Ω–µ —Ä–∞–∑–ª–∏—á–∞—é—Ç—Å—è."
"0",""
"0","group_A <- cleaned_data$Age[cleaned_data$Stroke == 0]"
"0","group_B <- cleaned_data$Age[cleaned_data$Stroke == 1]"
"0","z_test_Age <- BSDA::z.test(x = group_A, y = group_B, alternative = ""two.sided"", sigma.x =sd(group_A), sigma.y = sd(group_B))"
"0","print(""z_test_Age: "")"
"1","[1]"
"1"," ""z_test_Age: """
"1","
"
"0","z_test_Age "
"1","
"
"1","	Two-sample z-Test"
"1","
"
"1","
"
"1","data:  "
"1",""
"1","group_A and group_B"
"1",""
"1","
"
"1","z = -29.686, p-value < 2.2e-16"
"1","
"
"1","alternative hypothesis: "
"1","true "
"1",""
"1","difference in means"
"1",""
"1"," is "
"1",""
"1","not equal to"
"1",""
"1"," "
"1",""
"1","0"
"1",""
"1","
"
"1","95"
"1",""
"1"," percent confidence interval:
"
"1",""
"1"," "
"1",""
"1","-27.45717 -24.05613"
"1",""
"1","
"
"1","sample estimates:
"
"1","mean of x "
"1","mean of y "
"1","
"
"1"," 41.97154 "
"1"," 67.72819 "
"1","
"
"1","
"
"0","# –ì—Ä—É–ø–ø—ã –±–µ–∑ –∏–Ω—Å—É–ª—å—Ç–∞ –∏ —Å –∏–Ω—Å—É–ª—å—Ç–æ–º —Å—Ç–∞—Ç–∏—Å—Ç–∏—á–µ—Å–∫–∏ –∑–Ω–∞—á–∏–º–æ –æ—Ç–ª–∏—á–∞—é—Ç—Å—è –ø–æ –≤–æ–∑—Ä–∞—Å—Ç—É, 95% CI –º–µ–∂–¥—É –≥—Ä—É–ø–ø–∞–º–∏ [-27.45; -24.06]."
"0",""
"0","group_A <- cleaned_data$Average_glucose_level[cleaned_data$Stroke == 0]"
"0","group_B <- cleaned_data$Average_glucose_level[cleaned_data$Stroke == 1]"
"0","z_test_Average_glucose_level <- BSDA::z.test(x = group_A, y = group_B, alternative = ""two.sided"", sigma.x =sd(group_A), sigma.y = sd(group_B))"
"0","print(""z_test_Average_glucose_level: "")"
"1","[1]"
"1"," ""z_test_Average_glucose_level: """
"1","
"
"0","z_test_Average_glucose_level"
"1","
"
"1","	Two-sample z-Test"
"1","
"
"1","
"
"1","data:  "
"1",""
"1","group_A and group_B"
"1",""
"1","
"
"1","z = -6.9824, p-value = 2.902e-12"
"1","
"
"1","alternative hypothesis: "
"1","true "
"1",""
"1","difference in means"
"1",""
"1"," is "
"1",""
"1","not equal to"
"1",""
"1"," "
"1",""
"1","0"
"1",""
"1","
"
"1","95"
"1",""
"1"," percent confidence interval:
"
"1",""
"1"," "
"1",""
"1","-35.53844 -19.96001"
"1",""
"1","
"
"1","sample estimates:
"
"1","mean of x "
"1","mean of y "
"1","
"
"1"," 104.7955 "
"1"," 132.5447 "
"1","
"
"1","
"
"0","# –ì—Ä—É–ø–ø—ã –±–µ–∑ –∏–Ω—Å—É–ª—å—Ç–∞ –∏ —Å –∏–Ω—Å—É–ª—å—Ç–æ–º —Å—Ç–∞—Ç–∏—Å—Ç–∏—á–µ—Å–∫–∏ –∑–Ω–∞—á–∏–º–æ –æ—Ç–ª–∏—á–∞—é—Ç—Å—è —Å—Ä–µ–¥–Ω–µ–º—É —É—Ä–æ–≤–Ω—é –≥–ª—é–∫–æ–∑—ã, 95% CI –º–µ–∂–¥—É –≥—Ä—É–ø–ø–∞–º–∏ [-35.54; -19.96]. "
"0",""
"0","group_A <- cleaned_data$BMI[cleaned_data$Stroke == 0 & !is.na(cleaned_data$BMI)]"
"0","group_B <- cleaned_data$BMI[cleaned_data$Stroke == 1 & !is.na(cleaned_data$BMI)]"
"0","z_test_BMI <- BSDA::z.test(x = group_A, y = group_B, alternative = ""two.sided"", sigma.x =sd(group_A), sigma.y = sd(group_B))"
"0","print(""z_test_BMI: "")"
"1","[1]"
"1"," ""z_test_BMI: """
"1","
"
"0","z_test_BMI"
"1","
"
"1","	Two-sample z-Test"
"1","
"
"1","
"
"1","data:  "
"1",""
"1","group_A and group_B"
"1",""
"1","
"
"1","z = -3.6404, p-value = 0.0002722"
"1","
"
"1","alternative hypothesis: "
"1","true "
"1",""
"1","difference in means"
"1",""
"1"," is "
"1",""
"1","not equal to"
"1",""
"1"," "
"1",""
"1","0"
"1",""
"1","
"
"1","95"
"1",""
"1"," percent confidence interval:
"
"1",""
"1"," "
"1",""
"1","-2.5356192 -0.7608369"
"1",""
"1","
"
"1","sample estimates:
"
"1","mean of x "
"1","mean of y "
"1","
"
"1"," 28.82306 "
"1"," 30.47129 "
"1","
"
"1","
"
"0","# –ì—Ä—É–ø–ø—ã –±–µ–∑ –∏–Ω—Å—É–ª—å—Ç–∞ –∏ —Å –∏–Ω—Å—É–ª—å—Ç–æ–º —Å—Ç–∞—Ç–∏—Å—Ç–∏—á–µ—Å–∫–∏ –∑–Ω–∞—á–∏–º–æ –æ—Ç–ª–∏—á–∞—é—Ç—Å—è –ø–æ –ò–ú–¢, 95% CI –º–µ–∂–¥—É –≥—Ä—É–ø–ø–∞–º–∏ [-2.56; -0.76]."
"0",""
